[  
  {  
     "id":1,
     "name":"db-d304857b-1",
     "status":"ok",
     "time":"2019-08-01 18:51:06",
     "type":"db"
  },
  {  
     "id":1,
     "name":"lb-d304857b-1",
     "status":"ok",
     "time":"2019-08-26 22:31:17",
     "type":"lb"
  },
  {  
     "id":2,
     "name":"lb-d304857b-2",
     "status":"ok",
     "time":"2019-08-26 22:30:58",
     "type":"lb"
  },
  {  
     "id":1,
     "name":"ms-d304857b-1",
     "status":"ok",
     "time":"2019-08-20 11:19:24",
     "type":"ms"
  },
  {  
     "id":2,
     "name":"ms-d304857b-2",
     "status":"ok",
     "time":"2019-08-29 13:11:40",
     "type":"ms"
  },
  {  
     "id":1,
     "name":"rm-d304857b-1",
     "status":"ok",
     "time":"2019-08-29 11:59:43",
     "type":"rm"
  },
  {  
     "id":1,
     "name":"tm-d304857b-1",
     "status":"ok",
     "time":"2019-08-01 18:54:18",
     "type":"tm"
  },
  {  
     "id":2,
     "name":"tm-d304857b-2",
     "status":"ok",
     "time":"2019-08-20 11:19:07",
     "type":"tm"
  },
  {  
     "id":1,
     "name":"ts-d304857b-1",
     "status":"ok",
     "time":"2019-08-01 19:25:29",
     "type":"ts"
  },
  {  
     "id":2,
     "name":"ts-d304857b-2",
     "status":"ok",
     "time":"2019-08-01 19:25:55",
     "type":"ts"
  },
  {  
     "id":1,
     "name":"ui-d304857b-1",
     "status":"ok",
     "time":"2019-08-27 11:06:18",
     "type":"ui"
  },
  {  
     "id":1,
     "name":"wh-d304857b-1",
     "status":"ok",
     "time":"2019-08-29 11:59:43",
     "type":"wh"
  }
]
